id,label,name,age
116,user,Sandra Austin,67
117,user,Jason Clay,69
118,user,Sylvia Hughes,29
119,user,Cody Williams,57
120,user,Robert Robertson,11
121,user,Marissa Richard,99
122,user,Karen Hill,49
123,user,Thomas Davis,51
124,user,Donald Martin,102
125,user,Monica Rojas,67
126,user,Heather Richardson,6
127,user,Patricia Roman,20
128,user,Kathleen Lang,51
129,user,Olivia Butler,2
130,user,Cory Hall,62
131,user,Ann Beck,11
132,user,James Martinez,27
133,user,Deborah Valenzuela,85
134,user,Eugene Cardenas,19
135,user,Holly Jordan,57
136,user,Matthew Roth,62
137,user,Meagan Vargas,96
138,user,Eric Johnson,90
139,user,Daniel Nash,3
140,user,Ian Trevino,98
141,user,Whitney Sanchez,55
142,user,Mitchell Hurley,51
143,user,William Lewis,76
144,user,Taylor Walker,20
145,user,Dawn Roberson,93
146,user,Lisa Wolfe,79
147,user,Stacy Walters,85
148,user,Jason Bell,94
149,user,Megan Ramirez,116
150,user,Adam Flowers,70
151,user,Allison Evans,88
152,user,Charles Beasley,87
153,user,Kevin Jackson,84
154,user,John Davis,49
155,user,Andre Brooks,14
156,user,Brenda Jensen,27
157,user,Michelle Flores,21
158,user,Jose Frey,6
159,user,Jeremy Day,12
160,user,Michael Rhodes,106
161,user,Jessica Anderson,113
162,user,Howard Jones,89
163,user,David Edwards,92
164,user,Michael Hansen,8
165,user,James Santana,12
166,user,Brian Yang,97
167,user,Shannon Hutchinson,41
168,user,Jessica Cunningham,106
169,user,Carmen Carrillo,99
170,user,Heidi Doyle,117
171,user,Jill Howard,78
172,user,Alyssa Bennett,85
173,user,Casey Watson,44
174,user,Sharon Shelton,17
175,user,Craig Carter,41
176,user,Shawn Hamilton,66
177,user,Trevor Harrington,21
178,user,Patrick Fitzgerald,117
179,user,Sarah Chavez,103
